id,label,x,z
1,P2,-0.948,0.381333
2,P3,1.392,-0.578667
3,P4,1.392,-0.578667
4,P5,1.392,-0.578667
5,P6,1.392,-0.578667
